#timestamp [ns],filename
173096822601527,173096822601527.png
173096855934935,173096855934935.png
173096889268343,173096889268343.png
173096922601751,173096922601751.png
173096955935159,173096955935159.png
173096989268567,173096989268567.png
173097022601975,173097022601975.png
173097055935383,173097055935383.png
173097089268790,173097089268790.png
173097122602198,173097122602198.png
173097155935606,173097155935606.png
173097189269014,173097189269014.png
173097222602422,173097222602422.png
173097255935830,173097255935830.png
173097289269238,173097289269238.png
173097322602646,173097322602646.png
173097355936054,173097355936054.png
173097389269462,173097389269462.png
173097422602869,173097422602869.png
173097455936277,173097455936277.png
173097489269685,173097489269685.png
173097522603093,173097522603093.png
173097555936501,173097555936501.png
173097589269909,173097589269909.png
173097622603317,173097622603317.png
173097655936725,173097655936725.png
173097689270133,173097689270133.png
173097722603541,173097722603541.png
173097755936949,173097755936949.png
173097789270356,173097789270356.png
173097822603764,173097822603764.png
173097855937172,173097855937172.png
173097889270580,173097889270580.png
173097922603988,173097922603988.png
173097955937396,173097955937396.png
173097989270804,173097989270804.png
173098022604212,173098022604212.png
173098055937620,173098055937620.png
173098089271028,173098089271028.png
173098122604436,173098122604436.png
173098155937843,173098155937843.png
173098189271251,173098189271251.png
173098222604659,173098222604659.png
173098255938067,173098255938067.png
173098289271475,173098289271475.png
173098322604883,173098322604883.png
173098355938291,173098355938291.png
173098389271699,173098389271699.png
173098422605107,173098422605107.png
173098455938515,173098455938515.png
173098489271923,173098489271923.png
173098522605330,173098522605330.png
173098555938738,173098555938738.png
173098589272146,173098589272146.png
173098622605554,173098622605554.png
173098655938962,173098655938962.png
173098689272370,173098689272370.png
173098722605778,173098722605778.png
173098755939186,173098755939186.png
173098789272594,173098789272594.png
173098822606002,173098822606002.png
173098855939409,173098855939409.png
173098889272817,173098889272817.png
173098922606225,173098922606225.png
173098955939633,173098955939633.png
173098989273041,173098989273041.png
173099022606449,173099022606449.png
173099055939857,173099055939857.png
173099089273265,173099089273265.png
173099122606673,173099122606673.png
173099155940081,173099155940081.png
173099189273489,173099189273489.png
173099222606896,173099222606896.png
173099255940304,173099255940304.png
173099289273712,173099289273712.png
173099322607120,173099322607120.png
173099355940528,173099355940528.png
173099389273936,173099389273936.png
173099422607344,173099422607344.png
173099455940752,173099455940752.png
173099489274160,173099489274160.png
173099522607568,173099522607568.png
173099555940976,173099555940976.png
173099589274383,173099589274383.png
173099622607791,173099622607791.png
173099655941199,173099655941199.png
173099689274607,173099689274607.png
173099722608015,173099722608015.png
173099755941423,173099755941423.png
173099789274831,173099789274831.png
173099822608239,173099822608239.png
173099855941647,173099855941647.png
173099889275055,173099889275055.png
173099922608463,173099922608463.png
173099955941870,173099955941870.png
173099989275278,173099989275278.png
173100022608686,173100022608686.png
173100055942094,173100055942094.png
173100089275502,173100089275502.png
173100122608910,173100122608910.png
173100155942318,173100155942318.png
173100189275726,173100189275726.png
173100222609134,173100222609134.png
173100255942542,173100255942542.png
173100289275950,173100289275950.png
173100322609357,173100322609357.png
173100355942765,173100355942765.png
173100389276173,173100389276173.png
173100422609581,173100422609581.png
173100455942989,173100455942989.png
173100489276397,173100489276397.png
173100522609805,173100522609805.png
173100555943213,173100555943213.png
173100589276621,173100589276621.png
173100622610029,173100622610029.png
173100655943436,173100655943436.png
173100689276844,173100689276844.png
173100722610252,173100722610252.png
173100755943660,173100755943660.png
173100789277068,173100789277068.png
173100822610476,173100822610476.png
173100855943884,173100855943884.png
173100889277292,173100889277292.png
173100922610700,173100922610700.png
173100955944108,173100955944108.png
173100989277516,173100989277516.png
173101022610923,173101022610923.png
173101055944331,173101055944331.png
173101089277739,173101089277739.png
173101122611147,173101122611147.png
173101155944555,173101155944555.png
173101189277963,173101189277963.png
173101222611371,173101222611371.png
173101255944779,173101255944779.png
173101289278187,173101289278187.png
173101322611595,173101322611595.png
173101355945003,173101355945003.png
173101389278410,173101389278410.png
173101422611818,173101422611818.png
173101455945226,173101455945226.png
173101489278634,173101489278634.png
173101522612042,173101522612042.png
173101555945450,173101555945450.png
173101589278858,173101589278858.png
173101622612266,173101622612266.png
173101655945674,173101655945674.png
173101689279082,173101689279082.png
173101722612490,173101722612490.png
173101755945897,173101755945897.png
173101789279305,173101789279305.png
173101822612713,173101822612713.png
173101855946121,173101855946121.png
173101889279529,173101889279529.png
173101922612937,173101922612937.png
173101955946345,173101955946345.png
173101989279753,173101989279753.png
173102022613161,173102022613161.png
173102055946569,173102055946569.png
173102089279976,173102089279976.png
173102122613384,173102122613384.png
173102155946792,173102155946792.png
173102189280200,173102189280200.png
173102222613608,173102222613608.png
173102255947016,173102255947016.png
173102289280424,173102289280424.png
173102322613832,173102322613832.png
173102355947240,173102355947240.png
173102389280648,173102389280648.png
173102422614056,173102422614056.png
173102455947463,173102455947463.png
173102489280871,173102489280871.png
173102522614279,173102522614279.png
173102555947687,173102555947687.png
173102589281095,173102589281095.png
173102622614503,173102622614503.png
173102655947911,173102655947911.png
173102689281319,173102689281319.png
173102722614727,173102722614727.png
173102755948135,173102755948135.png
173102789281543,173102789281543.png
173102822614950,173102822614950.png
173102855948358,173102855948358.png
173102889281766,173102889281766.png
173102922615174,173102922615174.png
173102955948582,173102955948582.png
173102989281990,173102989281990.png
173103022615398,173103022615398.png
173103055948806,173103055948806.png
173103089282214,173103089282214.png
173103122615622,173103122615622.png
173103155949030,173103155949030.png
173103189282437,173103189282437.png
173103222615845,173103222615845.png
173103255949253,173103255949253.png
173103289282661,173103289282661.png
173103322616069,173103322616069.png
173103355949477,173103355949477.png
173103389282885,173103389282885.png
173103422616293,173103422616293.png
173103455949701,173103455949701.png
173103489283109,173103489283109.png
173103522616516,173103522616516.png
173103555949924,173103555949924.png
173103589283332,173103589283332.png
173103622616740,173103622616740.png
173103655950148,173103655950148.png
173103689283556,173103689283556.png
173103722616964,173103722616964.png
173103755950372,173103755950372.png
173103789283780,173103789283780.png
173103822617188,173103822617188.png
173103855950596,173103855950596.png
173103889284003,173103889284003.png
173103922617411,173103922617411.png
173103955950819,173103955950819.png
173103989284227,173103989284227.png
173104022617635,173104022617635.png
173104055951043,173104055951043.png
173104089284451,173104089284451.png
173104155951267,173104155951267.png
173104189284675,173104189284675.png
173104222618083,173104222618083.png
173104255951490,173104255951490.png
173104289284898,173104289284898.png
173104322618306,173104322618306.png
173104355951714,173104355951714.png
173104389285122,173104389285122.png
173104422618530,173104422618530.png
173104455951938,173104455951938.png
173104489285346,173104489285346.png
173104522618754,173104522618754.png
173104555952162,173104555952162.png
173104589285570,173104589285570.png
173104622618977,173104622618977.png
173104655952385,173104655952385.png
173104689285793,173104689285793.png
173104722619201,173104722619201.png
173104755952609,173104755952609.png
173104789286017,173104789286017.png
173104822619425,173104822619425.png
173104855952833,173104855952833.png
173104889286241,173104889286241.png
173104922619649,173104922619649.png
173104955953057,173104955953057.png
173104989286464,173104989286464.png
173105022619872,173105022619872.png
173105055953280,173105055953280.png
173105089286688,173105089286688.png
173105122620096,173105122620096.png
173105155953504,173105155953504.png
173105189286912,173105189286912.png
173105222620320,173105222620320.png
173105255953728,173105255953728.png
173105289287136,173105289287136.png
173105322620543,173105322620543.png
173105355953951,173105355953951.png
173105389287359,173105389287359.png
173105422620767,173105422620767.png
173105455954175,173105455954175.png
173105489287583,173105489287583.png
173105522620991,173105522620991.png
173105555954399,173105555954399.png
173105589287807,173105589287807.png
173105622621215,173105622621215.png
173105655954623,173105655954623.png
173105689288030,173105689288030.png
173105722621438,173105722621438.png
173105755954846,173105755954846.png
173105789288254,173105789288254.png
173105822621662,173105822621662.png
173105855955070,173105855955070.png
173105889288478,173105889288478.png
173105922621886,173105922621886.png
173105955955294,173105955955294.png
173105989288702,173105989288702.png
173106022622110,173106022622110.png
173106055955517,173106055955517.png
173106089288925,173106089288925.png
173106122622333,173106122622333.png
173106155955741,173106155955741.png
173106189289149,173106189289149.png
173106222622557,173106222622557.png
173106255955965,173106255955965.png
173106289289373,173106289289373.png
173106322622781,173106322622781.png
173106355956189,173106355956189.png
173106389289597,173106389289597.png
173106422623004,173106422623004.png
173106455956412,173106455956412.png
173106489289820,173106489289820.png
173106522623228,173106522623228.png
173106555956636,173106555956636.png
173106589290044,173106589290044.png
173106622623452,173106622623452.png
173106655956860,173106655956860.png
173106689290268,173106689290268.png
173106722623676,173106722623676.png
173106755957083,173106755957083.png
173106789290491,173106789290491.png
173106822623899,173106822623899.png
173106855957307,173106855957307.png
173106889290715,173106889290715.png
173106922624123,173106922624123.png
173106955957531,173106955957531.png
173106989290939,173106989290939.png
173107022624347,173107022624347.png
173107055957755,173107055957755.png
173107089291163,173107089291163.png
173107122624570,173107122624570.png
173107155957978,173107155957978.png
173107189291386,173107189291386.png
173107222624794,173107222624794.png
173107255958202,173107255958202.png
173107289291610,173107289291610.png
173107322625018,173107322625018.png
173107355958426,173107355958426.png
173107389291834,173107389291834.png
173107422625242,173107422625242.png
173107455958650,173107455958650.png
173107489292057,173107489292057.png
173107522625465,173107522625465.png
173107555958873,173107555958873.png
173107589292281,173107589292281.png
173107622625689,173107622625689.png
173107655959097,173107655959097.png
173107689292505,173107689292505.png
173107722625913,173107722625913.png
173107755959321,173107755959321.png
173107789292729,173107789292729.png
173107822626137,173107822626137.png
173107855959544,173107855959544.png
173107889292952,173107889292952.png
173107922626360,173107922626360.png
173107955959768,173107955959768.png
173107989293176,173107989293176.png
173108022626584,173108022626584.png
173108055959992,173108055959992.png
173108089293400,173108089293400.png
173108122626808,173108122626808.png
173108155960216,173108155960216.png
173108189293624,173108189293624.png
173108222627031,173108222627031.png
173108255960439,173108255960439.png
173108289293847,173108289293847.png
173108322627255,173108322627255.png
173108355960663,173108355960663.png
173108389294071,173108389294071.png
173108422627479,173108422627479.png
173108455960887,173108455960887.png
173108489294295,173108489294295.png
173108522627703,173108522627703.png
173108555961110,173108555961110.png
173108589294518,173108589294518.png
173108622627926,173108622627926.png
173108655961334,173108655961334.png
173108689294742,173108689294742.png
173108722628150,173108722628150.png
173108755961558,173108755961558.png
173108789294966,173108789294966.png
173108822628374,173108822628374.png
173108855961782,173108855961782.png
173108889295190,173108889295190.png
173108922628597,173108922628597.png
173108955962005,173108955962005.png
173108989295413,173108989295413.png
173109022628821,173109022628821.png
173109055962229,173109055962229.png
173109089295637,173109089295637.png
173109122629045,173109122629045.png
173109155962453,173109155962453.png
173109189295861,173109189295861.png
173109222629269,173109222629269.png
173109255962677,173109255962677.png
173109289296084,173109289296084.png
173109322629492,173109322629492.png
173109355962900,173109355962900.png
173109389296308,173109389296308.png
173109422629716,173109422629716.png
173109455963124,173109455963124.png
173109489296532,173109489296532.png
173109522629940,173109522629940.png
173109555963348,173109555963348.png
173109589296756,173109589296756.png
173109622630164,173109622630164.png
173109655963571,173109655963571.png
173109689296979,173109689296979.png
173109722630387,173109722630387.png
173109755963795,173109755963795.png
173109789297203,173109789297203.png
173109822630611,173109822630611.png
173109855964019,173109855964019.png
173109889297427,173109889297427.png
173109922630835,173109922630835.png
173109955964243,173109955964243.png
173109989297650,173109989297650.png
173110022631058,173110022631058.png
173110055964466,173110055964466.png
173110089297874,173110089297874.png
173110122631282,173110122631282.png
173110155964690,173110155964690.png
173110189298098,173110189298098.png
173110222631506,173110222631506.png
173110255964914,173110255964914.png
173110289298322,173110289298322.png
173110322631730,173110322631730.png
173110355965137,173110355965137.png
173110389298545,173110389298545.png
173110422631953,173110422631953.png
173110455965361,173110455965361.png
173110489298769,173110489298769.png
173110522632177,173110522632177.png
173110555965585,173110555965585.png
173110589298993,173110589298993.png
173110622632401,173110622632401.png
173110655965809,173110655965809.png
173110689299217,173110689299217.png
173110722632624,173110722632624.png
173110755966032,173110755966032.png
173110789299440,173110789299440.png
173110822632848,173110822632848.png
173110855966256,173110855966256.png
173110889299664,173110889299664.png
173110922633072,173110922633072.png
173110955966480,173110955966480.png
173110989299888,173110989299888.png
173111022633296,173111022633296.png
173111055966704,173111055966704.png
173111089300111,173111089300111.png
173111122633519,173111122633519.png
173111155966927,173111155966927.png
173111189300335,173111189300335.png
173111222633743,173111222633743.png
173111255967151,173111255967151.png
173111289300559,173111289300559.png
173111322633967,173111322633967.png
173111355967375,173111355967375.png
173111389300783,173111389300783.png
173111422634190,173111422634190.png
173111455967598,173111455967598.png
173111489301006,173111489301006.png
173111522634414,173111522634414.png
173111555967822,173111555967822.png
173111589301230,173111589301230.png
173111622634638,173111622634638.png
173111655968046,173111655968046.png
173111689301454,173111689301454.png
173111722634862,173111722634862.png
173111755968270,173111755968270.png
173111789301677,173111789301677.png
173111822635085,173111822635085.png
173111855968493,173111855968493.png
173111889301901,173111889301901.png
173111922635309,173111922635309.png
173111955968717,173111955968717.png
173111989302125,173111989302125.png
173112022635533,173112022635533.png
173112055968941,173112055968941.png
173112089302349,173112089302349.png
173112122635757,173112122635757.png
173112155969164,173112155969164.png
173112189302572,173112189302572.png
173112222635980,173112222635980.png
173112255969388,173112255969388.png
173112289302796,173112289302796.png
173112322636204,173112322636204.png
173112355969612,173112355969612.png
173112389303020,173112389303020.png
173112422636428,173112422636428.png
173112455969836,173112455969836.png
173112489303244,173112489303244.png
173112522636651,173112522636651.png
173112555970059,173112555970059.png
173112589303467,173112589303467.png
173112622636875,173112622636875.png
173112655970283,173112655970283.png
173112689303691,173112689303691.png
173112722637099,173112722637099.png
173112755970507,173112755970507.png
173112789303915,173112789303915.png
173112822637323,173112822637323.png
173112855970731,173112855970731.png
173112889304138,173112889304138.png
173112922637546,173112922637546.png
173112955970954,173112955970954.png
173112989304362,173112989304362.png
173113022637770,173113022637770.png
173113055971178,173113055971178.png
173113089304586,173113089304586.png
173113122637994,173113122637994.png
173113155971402,173113155971402.png
173113189304810,173113189304810.png
173113222638217,173113222638217.png
173113255971625,173113255971625.png
173113289305033,173113289305033.png
173113322638441,173113322638441.png
173113355971849,173113355971849.png
173113389305257,173113389305257.png
173113422638665,173113422638665.png
173113455972073,173113455972073.png
173113489305481,173113489305481.png
173113522638889,173113522638889.png
173113555972297,173113555972297.png
173113589305704,173113589305704.png
173113622639112,173113622639112.png
173113655972520,173113655972520.png
173113689305928,173113689305928.png
173113722639336,173113722639336.png
173113755972744,173113755972744.png
173113789306152,173113789306152.png
173113822639560,173113822639560.png
173113855972968,173113855972968.png
173113889306376,173113889306376.png
173113922639784,173113922639784.png
173113955973191,173113955973191.png
173113989306599,173113989306599.png
173114022640007,173114022640007.png
173114055973415,173114055973415.png
173114089306823,173114089306823.png
173114122640231,173114122640231.png
173114155973639,173114155973639.png
173114189307047,173114189307047.png
173114222640455,173114222640455.png
173114255973863,173114255973863.png
173114289307271,173114289307271.png
173114322640678,173114322640678.png
173114355974086,173114355974086.png
173114389307494,173114389307494.png
173114422640902,173114422640902.png
173114455974310,173114455974310.png
173114489307718,173114489307718.png
173114522641126,173114522641126.png
173114555974534,173114555974534.png
173114589307942,173114589307942.png
173114622641350,173114622641350.png
173114655974757,173114655974757.png
173114689308165,173114689308165.png
173114722641573,173114722641573.png
173114755974981,173114755974981.png
173114789308389,173114789308389.png
173114822641797,173114822641797.png
173114855975205,173114855975205.png
173114889308613,173114889308613.png
173114922642021,173114922642021.png
173114955975429,173114955975429.png
173114989308837,173114989308837.png
173115022642244,173115022642244.png
173115055975652,173115055975652.png
173115089309060,173115089309060.png
173115122642468,173115122642468.png
173115155975876,173115155975876.png
173115189309284,173115189309284.png
173115222642692,173115222642692.png
173115255976100,173115255976100.png
173115289309508,173115289309508.png
173115322642916,173115322642916.png
173115355976324,173115355976324.png
173115389309731,173115389309731.png
173115422643139,173115422643139.png
173115455976547,173115455976547.png
173115489309955,173115489309955.png
173115522643363,173115522643363.png
173115555976771,173115555976771.png
173115589310179,173115589310179.png
173115622643587,173115622643587.png
173115655976995,173115655976995.png
173115689310403,173115689310403.png
173115722643811,173115722643811.png
173115755977218,173115755977218.png
173115789310626,173115789310626.png
173115822644034,173115822644034.png
173115855977442,173115855977442.png
173115889310850,173115889310850.png
173115922644258,173115922644258.png
173115955977666,173115955977666.png
173115989311074,173115989311074.png
173116022644482,173116022644482.png
173116055977890,173116055977890.png
173116089311297,173116089311297.png
173116122644705,173116122644705.png
173116155978113,173116155978113.png
173116189311521,173116189311521.png
173116222644929,173116222644929.png
173116255978337,173116255978337.png
173116289311745,173116289311745.png
173116322645153,173116322645153.png
173116355978561,173116355978561.png
173116389311969,173116389311969.png
173116422645377,173116422645377.png
173116455978784,173116455978784.png
173116489312192,173116489312192.png
173116522645600,173116522645600.png
173116555979008,173116555979008.png
173116589312416,173116589312416.png
173116622645824,173116622645824.png
173116655979232,173116655979232.png
173116689312640,173116689312640.png
173116722646048,173116722646048.png
173116755979456,173116755979456.png
173116789312864,173116789312864.png
173116822646271,173116822646271.png
173116855979679,173116855979679.png
173116889313087,173116889313087.png
173116922646495,173116922646495.png
173116955979903,173116955979903.png
173116989313311,173116989313311.png
173117022646719,173117022646719.png
173117055980127,173117055980127.png
173117089313535,173117089313535.png
173117122646943,173117122646943.png
173117155980351,173117155980351.png
173117189313758,173117189313758.png
173117222647166,173117222647166.png
173117255980574,173117255980574.png
173117289313982,173117289313982.png
173117322647390,173117322647390.png
173117355980798,173117355980798.png
173117389314206,173117389314206.png
173117422647614,173117422647614.png
173117455981022,173117455981022.png
173117489314430,173117489314430.png
173117522647838,173117522647838.png
173117555981245,173117555981245.png
173117589314653,173117589314653.png
173117622648061,173117622648061.png
173117655981469,173117655981469.png
173117689314877,173117689314877.png
173117722648285,173117722648285.png
173117755981693,173117755981693.png
173117789315101,173117789315101.png
173117822648509,173117822648509.png
173117855981917,173117855981917.png
173117889315324,173117889315324.png
173117922648732,173117922648732.png
173117955982140,173117955982140.png
173117989315548,173117989315548.png
173118022648956,173118022648956.png
173118055982364,173118055982364.png
173118089315772,173118089315772.png
173118122649180,173118122649180.png
173118155982588,173118155982588.png
173118189315996,173118189315996.png
173118222649404,173118222649404.png
173118255982811,173118255982811.png
173118289316219,173118289316219.png
173118322649627,173118322649627.png
173118355983035,173118355983035.png
173118389316443,173118389316443.png
173118422649851,173118422649851.png
173118455983259,173118455983259.png
173118489316667,173118489316667.png
173118522650075,173118522650075.png
173118555983483,173118555983483.png
173118589316891,173118589316891.png
173118622650298,173118622650298.png
173118655983706,173118655983706.png
173118689317114,173118689317114.png
173118722650522,173118722650522.png
173118755983930,173118755983930.png
173118789317338,173118789317338.png
173118822650746,173118822650746.png
173118855984154,173118855984154.png
173118889317562,173118889317562.png
173118922650970,173118922650970.png
173118955984378,173118955984378.png
173118989317785,173118989317785.png
173119022651193,173119022651193.png
173119055984601,173119055984601.png
173119089318009,173119089318009.png
173119122651417,173119122651417.png
173119155984825,173119155984825.png
173119189318233,173119189318233.png
173119222651641,173119222651641.png
173119255985049,173119255985049.png
173119289318457,173119289318457.png
173119322651864,173119322651864.png
173119355985272,173119355985272.png
173119389318680,173119389318680.png
173119422652088,173119422652088.png
173119455985496,173119455985496.png
173119489318904,173119489318904.png
173119522652312,173119522652312.png
173119555985720,173119555985720.png
173119589319128,173119589319128.png
173119622652536,173119622652536.png
173119655985944,173119655985944.png
173119689319351,173119689319351.png
173119722652759,173119722652759.png
173119755986167,173119755986167.png
173119789319575,173119789319575.png
173119822652983,173119822652983.png
173119855986391,173119855986391.png
173119889319799,173119889319799.png
173119922653207,173119922653207.png
173119955986615,173119955986615.png
173119989320023,173119989320023.png
173120022653431,173120022653431.png
173120055986838,173120055986838.png
173120089320246,173120089320246.png
173120122653654,173120122653654.png
173120155987062,173120155987062.png
173120189320470,173120189320470.png
173120222653878,173120222653878.png
173120255987286,173120255987286.png
173120289320694,173120289320694.png
173120322654102,173120322654102.png
173120355987510,173120355987510.png
173120389320918,173120389320918.png
173120422654325,173120422654325.png
173120455987733,173120455987733.png
173120489321141,173120489321141.png
173120522654549,173120522654549.png
173120555987957,173120555987957.png
173120589321365,173120589321365.png
173120622654773,173120622654773.png
173120655988181,173120655988181.png
173120689321589,173120689321589.png
173120722654997,173120722654997.png
173120755988404,173120755988404.png
173120789321812,173120789321812.png
173120822655220,173120822655220.png
173120855988628,173120855988628.png
173120889322036,173120889322036.png
173120922655444,173120922655444.png
173120955988852,173120955988852.png
173120989322260,173120989322260.png
173121022655668,173121022655668.png
173121055989076,173121055989076.png
173121089322484,173121089322484.png
173121122655891,173121122655891.png
173121155989299,173121155989299.png
173121189322707,173121189322707.png
173121222656115,173121222656115.png
173121255989523,173121255989523.png
173121289322931,173121289322931.png
173121322656339,173121322656339.png
173121355989747,173121355989747.png
173121389323155,173121389323155.png
173121422656563,173121422656563.png
173121455989971,173121455989971.png
173121489323378,173121489323378.png
173121522656786,173121522656786.png
173121555990194,173121555990194.png
173121589323602,173121589323602.png
173121622657010,173121622657010.png
173121655990418,173121655990418.png
173121689323826,173121689323826.png
173121722657234,173121722657234.png
173121755990642,173121755990642.png
173121789324050,173121789324050.png
173121822657458,173121822657458.png
173121855990865,173121855990865.png
173121889324273,173121889324273.png
173121922657681,173121922657681.png
173121955991089,173121955991089.png
173121989324497,173121989324497.png
173122022657905,173122022657905.png
173122055991313,173122055991313.png
173122089324721,173122089324721.png
173122122658129,173122122658129.png
173122155991537,173122155991537.png
173122189324945,173122189324945.png
173122222658352,173122222658352.png
173122255991760,173122255991760.png
173122289325168,173122289325168.png
173122322658576,173122322658576.png
173122355991984,173122355991984.png
173122389325392,173122389325392.png
173122422658800,173122422658800.png
173122455992208,173122455992208.png
173122489325616,173122489325616.png
173122522659024,173122522659024.png
173122555992431,173122555992431.png
173122589325839,173122589325839.png
173122622659247,173122622659247.png
173122655992655,173122655992655.png
173122689326063,173122689326063.png
173122722659471,173122722659471.png
173122755992879,173122755992879.png
173122789326287,173122789326287.png
173122822659695,173122822659695.png
173122855993103,173122855993103.png
173122889326511,173122889326511.png
173122922659918,173122922659918.png
173122955993326,173122955993326.png
173122989326734,173122989326734.png
173123022660142,173123022660142.png
173123055993550,173123055993550.png
173123089326958,173123089326958.png
173123122660366,173123122660366.png
173123155993774,173123155993774.png
173123189327182,173123189327182.png
173123222660590,173123222660590.png
173123255993998,173123255993998.png
173123289327405,173123289327405.png
173123322660813,173123322660813.png
173123355994221,173123355994221.png
173123389327629,173123389327629.png
173123422661037,173123422661037.png
173123455994445,173123455994445.png
173123489327853,173123489327853.png
173123522661261,173123522661261.png
173123555994669,173123555994669.png
173123589328077,173123589328077.png
173123622661485,173123622661485.png
173123655994892,173123655994892.png
173123689328300,173123689328300.png
173123722661708,173123722661708.png
173123755995116,173123755995116.png
173123789328524,173123789328524.png
173123822661932,173123822661932.png
173123855995340,173123855995340.png
173123889328748,173123889328748.png
173123922662156,173123922662156.png
173123955995564,173123955995564.png
173123989328971,173123989328971.png
173124022662379,173124022662379.png
173124055995787,173124055995787.png
173124089329195,173124089329195.png
173124122662603,173124122662603.png
173124155996011,173124155996011.png
173124189329419,173124189329419.png
173124222662827,173124222662827.png
173124255996235,173124255996235.png
173124289329643,173124289329643.png
173124322663051,173124322663051.png
173124355996458,173124355996458.png
173124389329866,173124389329866.png
173124422663274,173124422663274.png
173124455996682,173124455996682.png
173124489330090,173124489330090.png
173124522663498,173124522663498.png
173124555996906,173124555996906.png
173124589330314,173124589330314.png
173124622663722,173124622663722.png
173124655997130,173124655997130.png
173124689330538,173124689330538.png
173124722663945,173124722663945.png
173124755997353,173124755997353.png
173124789330761,173124789330761.png
173124822664169,173124822664169.png
173124855997577,173124855997577.png
173124889330985,173124889330985.png
173124922664393,173124922664393.png
173124955997801,173124955997801.png
173124989331209,173124989331209.png
173125022664617,173125022664617.png
173125055998025,173125055998025.png
173125089331432,173125089331432.png
173125122664840,173125122664840.png
173125155998248,173125155998248.png
173125189331656,173125189331656.png
173125222665064,173125222665064.png
173125255998472,173125255998472.png
173125289331880,173125289331880.png
173125322665288,173125322665288.png
173125355998696,173125355998696.png
173125389332104,173125389332104.png
173125422665512,173125422665512.png
173125455998919,173125455998919.png
173125489332327,173125489332327.png
173125522665735,173125522665735.png
173125555999143,173125555999143.png
173125589332551,173125589332551.png
173125622665959,173125622665959.png
173125655999367,173125655999367.png
173125689332775,173125689332775.png
173125722666183,173125722666183.png
173125755999591,173125755999591.png
173125789332998,173125789332998.png
173125822666406,173125822666406.png
173125855999814,173125855999814.png
173125889333222,173125889333222.png
173125922666630,173125922666630.png
173125956000038,173125956000038.png
173125989333446,173125989333446.png
173126022666854,173126022666854.png
173126056000262,173126056000262.png
173126089333670,173126089333670.png
173126122667078,173126122667078.png
173126156000485,173126156000485.png
173126189333893,173126189333893.png
173126222667301,173126222667301.png
173126256000709,173126256000709.png
173126289334117,173126289334117.png
173126322667525,173126322667525.png
173126356000933,173126356000933.png
173126389334341,173126389334341.png
173126422667749,173126422667749.png
173126456001157,173126456001157.png
173126489334565,173126489334565.png
173126522667972,173126522667972.png
173126556001380,173126556001380.png
173126589334788,173126589334788.png
173126622668196,173126622668196.png
