#t[ns],filename
1419901682000,1419901682000.png
1419935627000,1419935627000.png
1419969571000,1419969571000.png
1420003519000,1420003519000.png
1420037469000,1420037469000.png
1420071415000,1420071415000.png
1420105367000,1420105367000.png
1420139315000,1420139315000.png
1420173264000,1420173264000.png
1420207212000,1420207212000.png
1420241160000,1420241160000.png
1420275109000,1420275109000.png
1420309056000,1420309056000.png
1420343007000,1420343007000.png
1420376958000,1420376958000.png
1420410911000,1420410911000.png
1420444865000,1420444865000.png
1420478815000,1420478815000.png
1420512765000,1420512765000.png
1420546714000,1420546714000.png
1420580664000,1420580664000.png
1420614608000,1420614608000.png
1420648554000,1420648554000.png
1420682499000,1420682499000.png
1420716439000,1420716439000.png
1420750385000,1420750385000.png
1420784334000,1420784334000.png
1420818278000,1420818278000.png
1420852218000,1420852218000.png
1420886162000,1420886162000.png
1420920108000,1420920108000.png
1420954054000,1420954054000.png
1420987999000,1420987999000.png
1421021946000,1421021946000.png
1421055891000,1421055891000.png
1421089838000,1421089838000.png
1421123788000,1421123788000.png
1421157736000,1421157736000.png
1421191684000,1421191684000.png
1421225628000,1421225628000.png
1421259572000,1421259572000.png
1421293516000,1421293516000.png
1421327458000,1421327458000.png
1421361405000,1421361405000.png
1421395352000,1421395352000.png
1421429297000,1421429297000.png
1421463241000,1421463241000.png
1421497184000,1421497184000.png
1421531128000,1421531128000.png
1421565072000,1421565072000.png
1421599022000,1421599022000.png
1421632972000,1421632972000.png
1421666918000,1421666918000.png
1421700862000,1421700862000.png
1421734804000,1421734804000.png
1421768748000,1421768748000.png
1421802695000,1421802695000.png
1421836641000,1421836641000.png
1421870584000,1421870584000.png
1421904525000,1421904525000.png
1421938468000,1421938468000.png
1421972409000,1421972409000.png
1422006351000,1422006351000.png
1422040292000,1422040292000.png
1422074231000,1422074231000.png
1422108171000,1422108171000.png
1422142115000,1422142115000.png
1422176063000,1422176063000.png
1422210005000,1422210005000.png
1422243944000,1422243944000.png
1422277889000,1422277889000.png
1422311832000,1422311832000.png
1422345776000,1422345776000.png
1422379723000,1422379723000.png
1422413672000,1422413672000.png
1422447619000,1422447619000.png
1422481563000,1422481563000.png
1422515504000,1422515504000.png
1422549447000,1422549447000.png
1422583389000,1422583389000.png
1422617336000,1422617336000.png
1422651279000,1422651279000.png
1422685223000,1422685223000.png
1422719166000,1422719166000.png
1422753110000,1422753110000.png
1422787050000,1422787050000.png
1422820991000,1422820991000.png
1422854932000,1422854932000.png
1422888873000,1422888873000.png
1422922814000,1422922814000.png
1422956761000,1422956761000.png
1422990706000,1422990706000.png
1423024652000,1423024652000.png
1423058595000,1423058595000.png
1423092536000,1423092536000.png
1423126479000,1423126479000.png
1423160423000,1423160423000.png
1423194368000,1423194368000.png
1423228311000,1423228311000.png
1423262255000,1423262255000.png
1423296203000,1423296203000.png
1423330148000,1423330148000.png
1423364096000,1423364096000.png
1423398041000,1423398041000.png
1423431987000,1423431987000.png
1423465930000,1423465930000.png
1423499873000,1423499873000.png
1423533817000,1423533817000.png
1423567761000,1423567761000.png
1423601708000,1423601708000.png
1423635653000,1423635653000.png
1423669600000,1423669600000.png
1423703541000,1423703541000.png
1423737486000,1423737486000.png
1423771429000,1423771429000.png
1423805369000,1423805369000.png
1423839308000,1423839308000.png
1423873249000,1423873249000.png
1423907192000,1423907192000.png
1423941135000,1423941135000.png
1423975078000,1423975078000.png
1424009016000,1424009016000.png
1424042954000,1424042954000.png
1424076894000,1424076894000.png
1424110834000,1424110834000.png
1424144772000,1424144772000.png
1424178710000,1424178710000.png
1424212653000,1424212653000.png
1424246595000,1424246595000.png
1424280539000,1424280539000.png
1424314487000,1424314487000.png
1424348432000,1424348432000.png
1424382379000,1424382379000.png
1424416322000,1424416322000.png
1424450268000,1424450268000.png
1424484213000,1424484213000.png
1424518161000,1424518161000.png
1424552107000,1424552107000.png
1424586046000,1424586046000.png
1424619992000,1424619992000.png
1424653935000,1424653935000.png
1424687878000,1424687878000.png
1424721821000,1424721821000.png
1424755764000,1424755764000.png
1424789709000,1424789709000.png
1424823658000,1424823658000.png
1424857608000,1424857608000.png
1424891559000,1424891559000.png
1424925506000,1424925506000.png
1424959454000,1424959454000.png
1424993402000,1424993402000.png
1425027349000,1425027349000.png
1425061297000,1425061297000.png
1425095244000,1425095244000.png
1425129190000,1425129190000.png
1425163137000,1425163137000.png
1425197081000,1425197081000.png
1425231030000,1425231030000.png
1425264972000,1425264972000.png
1425298918000,1425298918000.png
1425332863000,1425332863000.png
1425366811000,1425366811000.png
1425400755000,1425400755000.png
1425434698000,1425434698000.png
1425468640000,1425468640000.png
1425502581000,1425502581000.png
1425536522000,1425536522000.png
1425570468000,1425570468000.png
1425604413000,1425604413000.png
1425638357000,1425638357000.png
1425672301000,1425672301000.png
1425706243000,1425706243000.png
1425740191000,1425740191000.png
1425774135000,1425774135000.png
1425808079000,1425808079000.png
1425842026000,1425842026000.png
1425875976000,1425875976000.png
1425909923000,1425909923000.png
1425943870000,1425943870000.png
1425977817000,1425977817000.png
1426011764000,1426011764000.png
1426045713000,1426045713000.png
1426079660000,1426079660000.png
1426113605000,1426113605000.png
1426147555000,1426147555000.png
1426181504000,1426181504000.png
1426215451000,1426215451000.png
1426249393000,1426249393000.png
1426283340000,1426283340000.png
1426317287000,1426317287000.png
1426351234000,1426351234000.png
1426385181000,1426385181000.png
1426419127000,1426419127000.png
1426453074000,1426453074000.png
1426487020000,1426487020000.png
1426520967000,1426520967000.png
1426554914000,1426554914000.png
1426588861000,1426588861000.png
1426622809000,1426622809000.png
1426656754000,1426656754000.png
1426690701000,1426690701000.png
1426724646000,1426724646000.png
1426758588000,1426758588000.png
1426792532000,1426792532000.png
1426826476000,1426826476000.png
1426860418000,1426860418000.png
1426894361000,1426894361000.png
1426928308000,1426928308000.png
1426962253000,1426962253000.png
1426996193000,1426996193000.png
1427030134000,1427030134000.png
1427064077000,1427064077000.png
1427098019000,1427098019000.png
1427131960000,1427131960000.png
1427165902000,1427165902000.png
1427776900000,1427776900000.png
1427810846000,1427810846000.png
1427844789000,1427844789000.png
1427878732000,1427878732000.png
1427912671000,1427912671000.png
1427946608000,1427946608000.png
1427980549000,1427980549000.png
1428014493000,1428014493000.png
1428048437000,1428048437000.png
1428082382000,1428082382000.png
1428116329000,1428116329000.png
1428150275000,1428150275000.png
1428184218000,1428184218000.png
1428218162000,1428218162000.png
1428252104000,1428252104000.png
1428286048000,1428286048000.png
1428319986000,1428319986000.png
1428353929000,1428353929000.png
1428387874000,1428387874000.png
1428421818000,1428421818000.png
1428455761000,1428455761000.png
1429134576000,1429134576000.png
1429168518000,1429168518000.png
1429202461000,1429202461000.png
1429236404000,1429236404000.png
1429270346000,1429270346000.png
1429304285000,1429304285000.png
1429338231000,1429338231000.png
1429372174000,1429372174000.png
1429406117000,1429406117000.png
1429440056000,1429440056000.png
1429473996000,1429473996000.png
1429507938000,1429507938000.png
1429541880000,1429541880000.png
1429575821000,1429575821000.png
1429609767000,1429609767000.png
1429643708000,1429643708000.png
1429677648000,1429677648000.png
1429711589000,1429711589000.png
1429745529000,1429745529000.png
1429779468000,1429779468000.png
1429813405000,1429813405000.png
1430084929000,1430084929000.png
1430118872000,1430118872000.png
1430152808000,1430152808000.png
1430186749000,1430186749000.png
1430220686000,1430220686000.png
1430254625000,1430254625000.png
1430288562000,1430288562000.png
1430322503000,1430322503000.png
1430356439000,1430356439000.png
1430390375000,1430390375000.png
1430424309000,1430424309000.png
1430458249000,1430458249000.png
1430492189000,1430492189000.png
1430526128000,1430526128000.png
1430560066000,1430560066000.png
1430594005000,1430594005000.png
1430627945000,1430627945000.png
1430661886000,1430661886000.png
1430695826000,1430695826000.png
1430729765000,1430729765000.png
1430763708000,1430763708000.png
1431646163000,1431646163000.png
1431680105000,1431680105000.png
1431714047000,1431714047000.png
1431747988000,1431747988000.png
1431781929000,1431781929000.png
1431815871000,1431815871000.png
